year,gdp_1962_dollars,price_level_2017
1941,116.2,0.0745
1942,147.7,0.08
1943,184.6,0.0852
1944,213.8,0.0883
1945,226.4,0.0904
1946,228,0.0973
1947,238.9,0.1079
1948,261.9,0.1181
1949,276.5,0.1221
1950,278.675,0.1204
1951,327.05,0.1269
1952,357.1,0.132
1953,382.05,0.1344
1954,387.15,0.136
1955,406.325,0.137
1956,438.25,0.1405
1957,463.375,0.1458
1958,473.475,0.1502
1959,504.6,0.1525
1960,534.325,0.1546
1961,546.575,0.1567
1962,585.675,0.1583
1963,618.2,0.1602
1964,661.7,0.1621
1965,709.325,0.1649
1966,780.475,0.1685
1967,836.525,0.1736
1968,897.575,0.1797
1969,980.275,0.1879
1970,1046.675,0.1979
1971,1116.55,0.208
1972,1216.25,0.2179
1973,1352.725,0.2273
1974,1482.85,0.2435
1975,1606.925,0.2687
1976,1786.1,0.2874
1977,2024.325,0.3082
1978,2273.45,0.3289
1979,2565.575,0.3555
1980,2791.9,0.3865
1981,3133.225,0.4244
1982,3313.35,0.4539
1983,3536,0.4737
1984,3949.175,0.4907
1985,4265.125,0.5071
1986,4526.25,0.5185
1987,4767.65,0.5301
1988,5138.55,0.5473
1989,5554.675,0.5694
1990,5898.75,0.5902
1991,6093.175,0.6113
1992,6416.25,0.6266
1993,6775.325,0.6413
1994,7176.85,0.6553
1995,7560.425,0.6692
1996,7951.325,0.6818
1997,8451.025,0.6939
1998,8930.8,0.7026
1999,9479.625,0.7113
2000,10117.075,0.7261
2001,10525.725,0.7437
2002,10828.875,0.7554
2003,11278.75,0.7699
2004,12028.425,0.7887
2005,12839.95,0.8127
2006,13636.75,0.8391
2007,14305.375,0.8622
2008,14796.575,0.8801
2009,14467.3,0.8891
2010,14884.4,0.8968
2011,15466.525,0.9148
2012,16109.425,0.9314
2013,16687.775,0.9483
2014,17428.1,0.9656
2015,18164.25,0.9756
2016,18641.325,0.9834
2017,19375.175,1
2018,20436.325,1.0222
2019,21286.15,1.0409
2020,21320.225,1.0544
2021,23004.125,1.0905
2022,25517.575,1.1676
2023,27330.05,1.2208
2024,28828.2,1.2507
